insert into USERS (ID, EXTERNAL_AUTH_SYS, EXTERNAL_AUTH_ID, PASSWORD, SALT, STATUS, CHANGE_DATE, CHANGE_USER, FAILED_LOGIN_ATTEMPTS, ITER, LEN) values ('BSMITH', null, null, 'C505B770E6126984D24235A989C39FF7EC35F1DFBBD8867685DCDB737379C0DBDDA59F124F17B4C3F953EBC74FE5FD0C286132915F083F96EFC204675041F259B0771AD912435C9DEBFBD7756B5D0D2245F8530E4DD76116E1153CA96984BB06022E5F57DEE2615477FB0966CEE12136F5CF9F87AA1BFC322F8F0468741AA479', 'OoKaH7O4OgWTSM50XctER2d371Gd6chRmm6CcgR493rrwfIkv6G7R3mJEeAcIiva
', 'A', to_date('2014-07-27 16:03:23', 'yyyy-mm-dd HH24:MI:SS'), 'SYSADMIN', 0, 16384, 128);

insert into USERS (ID, EXTERNAL_AUTH_SYS, EXTERNAL_AUTH_ID, PASSWORD, SALT, STATUS, CHANGE_DATE, CHANGE_USER, FAILED_LOGIN_ATTEMPTS, ITER, LEN) values ('JDOE', null, null, 'EC35DD9A3EDEC978A488B170115035836D7915150DE7852A1261022013C2ED261DF6BBB22C01C1B7FBFF90977DFD264BE498F14794B3290F39B8FAD0E9F51A76114755F38434FD63F9C299C6A5280FA11C91D167D6B5FDF87EE505596CF96254E83E6C4D5917577E4FF15FF04E95A9C3609F21292B9F994691D3AF56712A9471', 'R0PZew5+KKWw9zBrc+3H+ZqGvTxnbGTPRxl2W6yuXH7KX5eqhjZozpRwrvCHRXdv
', 'A', to_date('2014-07-27 16:03:24', 'yyyy-mm-dd HH24:MI:SS'), 'SYSADMIN', 0, 16384, 128);

insert into USERS (ID, EXTERNAL_AUTH_SYS, EXTERNAL_AUTH_ID, PASSWORD, SALT, STATUS, CHANGE_DATE, CHANGE_USER, FAILED_LOGIN_ATTEMPTS, ITER, LEN) values ('SROGERS', null, null, '4A98D511DC87D20A5E94D8978F359F42E4400F278C7F056CFDCC07485AB252BD10A018720950E7B3B94CA6177198BF206CC7052B11B2B45563C7AB704C93D98F0439723A33160221856946756B5A9E80125F798C592FA57121FAD395599271167B8CD98EF1B301BE8AE8A3BB2288A62C1CC0C9ED4628D07290F4A411E6352E8C', 'LrY49xHTnM358gSDKyIBMOvOpD06nD7LYdYp1QOMiIPC/84JQdaU5a8kL/EOW9KN
', 'A', to_date('2014-09-24 18:15:14', 'yyyy-mm-dd HH24:MI:SS'), 'SYSADMIN', 0, 16384, 128);

insert into USERS (ID, EXTERNAL_AUTH_SYS, EXTERNAL_AUTH_ID, PASSWORD, SALT, STATUS, CHANGE_DATE, CHANGE_USER, FAILED_LOGIN_ATTEMPTS, ITER, LEN) values ('LDIAMONDS', null, null, '3A082630BB58F9AF250CFBD645572DA130DEB78FD7EF999FDE61A8428A0CFA43BE55D0B8EDBA3418CF04C7FC765696859CA220D04B2855A2AC300F69922981C111A9C9996E73B51095B07C2157E2AFEDB8903B5962C883AB4B9CAB64DFB78DA89B529895879D065D843A5BC92DF1D40CA6D424EB6062441CFD65254EF679AC6E', 'G6pvVi9i078JNxxlEbRUM8cTlvFuUogjjhh1Q4q9R117pEbV8RcNegesYIbs6iZz
', 'A', to_date('2014-09-24 18:15:16', 'yyyy-mm-dd HH24:MI:SS'), 'SYSADMIN', 0, 16384, 128);

insert into USERS (ID, EXTERNAL_AUTH_SYS, EXTERNAL_AUTH_ID, PASSWORD, SALT, STATUS, CHANGE_DATE, CHANGE_USER, FAILED_LOGIN_ATTEMPTS, ITER, LEN) values ('SHUSTING', null, null, 'AFFFDC31A1C72BA7A84AA8858D7E0BD0A5453E86C8ABF74EEBAA3E42B4461FCAEC16275BC1FA640CBFDEC4D7EFCE474945DAF9B922DFCDD905A46CE26CBBAA90316CFF0384B71A801ED662D7F1BAAC8513093B0B84F4882EF53972130E1A6416CF80BE791626904B1BFEA512236B2390A5278DFB606CF9B061C92FFF5D41409A', 'bo5jZ2ngKMko3EF44pecXDCZn3CT2ElP6VhGIo5vqgueinEE1bICuFh1tcEjyuXF
', 'A', to_date('2014-09-24 18:15:18', 'yyyy-mm-dd HH24:MI:SS'), 'SYSADMIN', 0, 16384, 128);

insert into USERS (ID, EXTERNAL_AUTH_SYS, EXTERNAL_AUTH_ID, PASSWORD, SALT, STATUS, CHANGE_DATE, CHANGE_USER, FAILED_LOGIN_ATTEMPTS, ITER, LEN) values ('TLEE', null, null, '6AEF3BFA4F32E8871F3997D16BD4923FF71E50ED231BA8315A6D3035D0A10FC2A3430F64A62203E923505D7A6EB3A44596BC39770492DB639CE4FBAA832FA6D1D1D8DA8AFCF2625F436EBF899564684535F70234E314D5F80C83E42A7BFFFF41F28FF17B7019C4A201D227C373CF50F1A5AADAC0B0D550CD88D023AC74C0AAB6', 'Q8OFvHeZ7EI7fCM9gSxEe7VbEVYcaFrkF94j27U97OwKNJ36tILtYqs29rEVQ6r+
', 'A', to_date('2014-09-24 18:15:19', 'yyyy-mm-dd HH24:MI:SS'), 'SYSADMIN', 0, 16384, 128);

insert into USERS (ID, EXTERNAL_AUTH_SYS, EXTERNAL_AUTH_ID, PASSWORD, SALT, STATUS, CHANGE_DATE, CHANGE_USER, FAILED_LOGIN_ATTEMPTS, ITER, LEN) values ('MLOPEZ', null, null, '41BF9799E305CF083604804E62120B773FB27E3F56F0BE8A811B68B0A0FDD842C29FCA315C5D1BCF2ADB875152DEBFE08986302FF394255AF71EC38249CC6D71EB6037C56E2DC09BD9A4CC19718FA88E5821C33A077E8B765F7FE287FA99049563621363BE884E98F3753A47172E62EC4FD54ED1DBCC4261559D489450DEC0F7', 'axcnkWLCy4ejB/UsfbbmKabDYYWRHZOGz0n+fmQ4g7N0s1umEdy7T3RFl6cGe/1R
', 'A', to_date('2014-09-24 18:15:21', 'yyyy-mm-dd HH24:MI:SS'), 'SYSADMIN', 0, 16384, 128);

insert into USERS (ID, EXTERNAL_AUTH_SYS, EXTERNAL_AUTH_ID, PASSWORD, SALT, STATUS, CHANGE_DATE, CHANGE_USER, FAILED_LOGIN_ATTEMPTS, ITER, LEN) values ('JBLAKE', null, null, '39D1EFF37545554C4DF9B7F6F388D47E4F93EFF77D4D301C0C36098D93C1FFCB51EEBBC743C70150CF9ED129F77C11D5AE22897C00B50382F9CB8A55DFADA441E5E7A73E5132ECE6AD89C48E718F8FCB51498BA0E8C1BCF7EB2B4BD1F49D3FCD46E6070F89D06220D688124A767D252C91940CCCA89688921792C042AC2C1C19', 'GlCu+CZUjc9XTAx0P7i+EZhID3xz65oDAXHuYEQ0SXbqA7m0KfimzhYJ7ODxpbtF
', 'A', to_date('2014-09-24 18:15:22', 'yyyy-mm-dd HH24:MI:SS'), 'SYSADMIN', 0, 16384, 128);

insert into USERS (ID, EXTERNAL_AUTH_SYS, EXTERNAL_AUTH_ID, PASSWORD, SALT, STATUS, CHANGE_DATE, CHANGE_USER, FAILED_LOGIN_ATTEMPTS, ITER, LEN) values ('YCHEN', null, null, '6C82FB62A0E9E518BCF48A23F64966F8F53101A64BD2ACE961D6F17CCAEA80D5269D8D835B151AE917447FB9FCBE7D601066988B75C58446656B5B03DE4FECA7E4AF279E08262F6911E563F8BA006513E9FA0AF6D59CB604EE5555CF86AEDBB4CB1F7D625A12D43537534E5BC760F3E7146F7BAAF89B071876678629225437D7', 'nP0gp/CTJQmFFgaNsHXwZ65oSVmgjzndDa8KQqX/d8+USjlAs3yZNaPh3HlSStq8
', 'A', to_date('2014-09-24 18:15:24', 'yyyy-mm-dd HH24:MI:SS'), 'SYSADMIN', 0, 16384, 128);

insert into USERS (ID, EXTERNAL_AUTH_SYS, EXTERNAL_AUTH_ID, PASSWORD, SALT, STATUS, CHANGE_DATE, CHANGE_USER, FAILED_LOGIN_ATTEMPTS, ITER, LEN) values ('MSMITH', null, null, 'DF17B7D30D9B33E11DC8D063C232564A79DEF06EB94FC5375A0886E080D31476BCCEB7ABEE03E90C861ADB5C075A3D3A1BE419E2EB9AD041D09B99A9DFB00ACE2301A31CDE5347DE2ECEE6BA5954D64CD7B5CA41507EDB921623A92FD6D2C321CD73810E008068D33ED9798B8B1FFACCF9540B795710E957E4F7B1D37C385B85', 'PUG70Lh4XLMrpsU1kMqy0gzyWlYxm9B7yRIr/4TgX57Khv6bAPEUhpjBHZEACQfO
', 'A', to_date('2014-09-24 18:15:25', 'yyyy-mm-dd HH24:MI:SS'), 'SYSADMIN', 0, 16384, 128);

insert into USERS (ID, EXTERNAL_AUTH_SYS, EXTERNAL_AUTH_ID, PASSWORD, SALT, STATUS, CHANGE_DATE, CHANGE_USER, FAILED_LOGIN_ATTEMPTS, ITER, LEN) values ('KSHOTTS', null, null, 'C7EEFF3B3B78E7718B582B12D9D6E4BD72ADF91D2C7C2349F6E12578FFB43C65238D379020C512C39770953C2F29CA1BCBEA5DC371A9837E9A1285D563DAE64A0A8063FC69784A1F552D516ACBA7F13471E982A2A8FFCF2D71FB40A7861C82A367A345472EF072BA9903D433BFB144A4E69B38BB953083CEAD10712969C63B7E', 'esLmBgGwvU1Ipe/S0DJKdGwfrI5vcItdxNVzv5J87FJpPDN0cqaUN6/yfBIxTfnF
', 'A', to_date('2014-09-24 18:15:27', 'yyyy-mm-dd HH24:MI:SS'), 'SYSADMIN', 0, 16384, 128);

insert into USERS (ID, EXTERNAL_AUTH_SYS, EXTERNAL_AUTH_ID, PASSWORD, SALT, STATUS, CHANGE_DATE, CHANGE_USER, FAILED_LOGIN_ATTEMPTS, ITER, LEN) values ('SYSADMIN', null, null, '4CA84676A6035DDD06C1167BABEDD1968EB5142A46565591683C46D1D11C773EAA821F53F9698417CE053CF0451914B8CBBB6A445BF0C2208893FC1DBE8536FCD5D2BE8B1185755E2D0156AA4E8819994FB43F42D4DD9791AE7C53441928562F5EB0DFF237EFB033460E2B22395BC303203DA06E220612C6EABCB128F11EAAA6', 'QFP7M3nE8eZ5r/luyPkKxszo8BSZndDvQRPdmv9xP1Icyxy3qHkOiChlYLAsBQQh
', 'A', to_date('2014-07-27 16:03:21', 'yyyy-mm-dd HH24:MI:SS'), 'SYSADMIN', 1, 16384, 128);

insert into ROLES (ID, PRIVILEGE, GRANTED) values ('SYSADMIN', 'CAN_CHANGE_ANY_USER_PWD', 'Y');

insert into ROLES (ID, PRIVILEGE, GRANTED) values ('HELPDESK', 'CAN_CHANGE_ANY_USER_PWD', 'Y');

insert into ROLES (ID, PRIVILEGE, GRANTED) values ('SYSADMIN', 'CAN_MODIFY_USER', 'Y');

insert into ROLES (ID, PRIVILEGE, GRANTED) values ('SYSADMIN', 'CAN_CREATE_USER', 'Y');

insert into ROLES (ID, PRIVILEGE, GRANTED) values ('SYSADMIN', 'CAN_MODIFY_ANY_TASK', 'Y');

insert into ROLES (ID, PRIVILEGE, GRANTED) values ('SYSADMIN', 'CAN_ASSIGN_ANY_TASK_TO_ANYONE', 'Y');

insert into ROLES (ID, PRIVILEGE, GRANTED) values ('SYSADMIN', 'CAN_SEE_ANY_TASK', 'Y');

insert into ROLES (ID, PRIVILEGE, GRANTED) values ('SYSADMIN', 'CAN_COMMENT_ON_ANY_TASK', 'Y');

insert into ROLES (ID, PRIVILEGE, GRANTED) values ('SYSADMIN', 'CAN_REASSIGN_ANY_TASK', 'Y');

insert into ROLES (ID, PRIVILEGE, GRANTED) values ('SYSADMIN', 'CAN_CREATE_OWN_TASK', 'Y');

insert into ROLES (ID, PRIVILEGE, GRANTED) values ('SYSADMIN', 'CAN_MODIFY_OWN_TASK', 'Y');

insert into ROLES (ID, PRIVILEGE, GRANTED) values ('SYSADMIN', 'CAN_COMMENT_ON_OWN_TASK', 'Y');

insert into ROLES (ID, PRIVILEGE, GRANTED) values ('SYSADMIN', 'CAN_COMMENT_ON_ASSIGNED_TASK', 'Y');

insert into ROLES (ID, PRIVILEGE, GRANTED) values ('USER', 'CAN_CREATE_OWN_TASK', 'Y');

insert into ROLES (ID, PRIVILEGE, GRANTED) values ('USER', 'CAN_MODIFY_OWN_TASK', 'Y');

insert into ROLES (ID, PRIVILEGE, GRANTED) values ('USER', 'CAN_COMMENT_ON_OWN_TASK', 'Y');

insert into ROLES (ID, PRIVILEGE, GRANTED) values ('USER', 'CAN_COMMENT_ON_ASSIGNED_TASK', 'Y');

insert into ROLES (ID, PRIVILEGE, GRANTED) values ('USER', 'CAN_UPD_PROGRESS_ON_ASGND_TASK', 'Y');

insert into ROLES (ID, PRIVILEGE, GRANTED) values ('USER', 'CAN_UPD_STATUS_ON_ASGND_TASK', 'Y');

insert into ROLES (ID, PRIVILEGE, GRANTED) values ('SYSADMIN', 'CAN_UPD_PROGRESS_ON_ASGND_TASK', 'Y');

insert into ROLES (ID, PRIVILEGE, GRANTED) values ('SYSADMIN', 'CAN_UPD_STATUS_ON_ASGND_TASK', 'Y');

insert into ROLES (ID, PRIVILEGE, GRANTED) values ('HELPDESK', 'CAN_UNLOCK_USER', 'Y');

insert into ROLES (ID, PRIVILEGE, GRANTED) values ('SYSADMIN', 'CAN_UNLOCK_USER', 'Y');

insert into ROLES (ID, PRIVILEGE, GRANTED) values ('SYSADMIN', 'CAN_CREATE_PERSON', 'Y');

insert into ROLES (ID, PRIVILEGE, GRANTED) values ('SYSADMIN', 'CAN_MODIFY_PERSON', 'Y');

insert into USER_ROLES (USER_ID, ROLE_ID, CHANGE_DATE, CHANGE_USER) values ('SROGERS', 'USER', to_date('2014-09-24 22:16:08', 'yyyy-mm-dd HH24:MI:SS'), 'SYSADMIN');

insert into USER_ROLES (USER_ID, ROLE_ID, CHANGE_DATE, CHANGE_USER) values ('LDIAMONDS', 'USER', to_date('2014-09-24 22:16:29', 'yyyy-mm-dd HH24:MI:SS'), 'SYSADMIN');

insert into USER_ROLES (USER_ID, ROLE_ID, CHANGE_DATE, CHANGE_USER) values ('SHUSTING', 'USER', to_date('2014-09-24 22:16:43', 'yyyy-mm-dd HH24:MI:SS'), 'SYSADMIN');

insert into USER_ROLES (USER_ID, ROLE_ID, CHANGE_DATE, CHANGE_USER) values ('TLEE', 'USER', to_date('2014-09-24 22:17:02', 'yyyy-mm-dd HH24:MI:SS'), 'SYSADMIN');

insert into USER_ROLES (USER_ID, ROLE_ID, CHANGE_DATE, CHANGE_USER) values ('MLOPEZ', 'USER', to_date('2014-09-24 22:17:14', 'yyyy-mm-dd HH24:MI:SS'), 'SYSADMIN');

insert into USER_ROLES (USER_ID, ROLE_ID, CHANGE_DATE, CHANGE_USER) values ('JBLAKE', 'USER', to_date('2014-09-24 22:17:24', 'yyyy-mm-dd HH24:MI:SS'), 'SYSADMIN');

insert into USER_ROLES (USER_ID, ROLE_ID, CHANGE_DATE, CHANGE_USER) values ('YCHEN', 'USER', to_date('2014-09-24 22:17:35', 'yyyy-mm-dd HH24:MI:SS'), 'SYSADMIN');

insert into USER_ROLES (USER_ID, ROLE_ID, CHANGE_DATE, CHANGE_USER) values ('MSMITH', 'USER', to_date('2014-09-24 22:17:47', 'yyyy-mm-dd HH24:MI:SS'), 'SYSADMIN');

insert into USER_ROLES (USER_ID, ROLE_ID, CHANGE_DATE, CHANGE_USER) values ('KSHOTTS', 'USER', to_date('2014-09-24 22:17:57', 'yyyy-mm-dd HH24:MI:SS'), 'SYSADMIN');

insert into USER_ROLES (USER_ID, ROLE_ID, CHANGE_DATE, CHANGE_USER) values ('SYSADMIN', 'SYSADMIN', to_date('2014-07-16 23:34:16', 'yyyy-mm-dd HH24:MI:SS'), 'SYSADMIN');

insert into USER_ROLES (USER_ID, ROLE_ID, CHANGE_DATE, CHANGE_USER) values ('BSMITH', 'USER', to_date('2014-07-24 05:20:39', 'yyyy-mm-dd HH24:MI:SS'), 'SYSADMIN');

insert into USER_ROLES (USER_ID, ROLE_ID, CHANGE_DATE, CHANGE_USER) values ('JDOE', 'USER', to_date('2014-07-24 05:20:55', 'yyyy-mm-dd HH24:MI:SS'), 'SYSADMIN');

insert into PERSON (ID, USER_ID, ADMINISTRATOR_ID, FULL_NAME, CHANGE_DATE, PREF_NAME, CHANGE_USER) values (2, 'JDOE', 12, 'Doe, John', to_date('2014-07-24 01:15:20', 'yyyy-mm-dd HH24:MI:SS'), 'John', 'SYSADMIN');

insert into PERSON (ID, USER_ID, ADMINISTRATOR_ID, FULL_NAME, CHANGE_DATE, PREF_NAME, CHANGE_USER) values (3, 'BSMITH', 2, 'Smith, Bob A', to_date('2014-07-24 01:17:48', 'yyyy-mm-dd HH24:MI:SS'), 'Robert', 'SYSADMIN');

insert into PERSON (ID, USER_ID, ADMINISTRATOR_ID, FULL_NAME, CHANGE_DATE, PREF_NAME, CHANGE_USER) values (4, 'SROGERS', 13, 'Rogers, Sally C', to_date('2014-09-24 15:21:51', 'yyyy-mm-dd HH24:MI:SS'), 'Sally', 'SYSADMIN');

insert into PERSON (ID, USER_ID, ADMINISTRATOR_ID, FULL_NAME, CHANGE_DATE, PREF_NAME, CHANGE_USER) values (5, 'LDIAMONDS', null, 'Diamonds, Lucy W', to_date('2014-09-24 15:22:44', 'yyyy-mm-dd HH24:MI:SS'), 'Lucy', 'SYSADMIN');

insert into PERSON (ID, USER_ID, ADMINISTRATOR_ID, FULL_NAME, CHANGE_DATE, PREF_NAME, CHANGE_USER) values (6, 'SHUSTING', 4, 'Husting, Steve', to_date('2014-09-24 15:23:12', 'yyyy-mm-dd HH24:MI:SS'), 'Steve', 'SYSADMIN');

insert into PERSON (ID, USER_ID, ADMINISTRATOR_ID, FULL_NAME, CHANGE_DATE, PREF_NAME, CHANGE_USER) values (8, 'TLEE', 4, 'Lee, Tony', to_date('2014-09-24 15:23:37', 'yyyy-mm-dd HH24:MI:SS'), 'Tony', 'SYSADMIN');

insert into PERSON (ID, USER_ID, ADMINISTRATOR_ID, FULL_NAME, CHANGE_DATE, PREF_NAME, CHANGE_USER) values (9, 'MLOPEZ', 11, 'Lopez, Maria S', to_date('2014-09-24 15:24:25', 'yyyy-mm-dd HH24:MI:SS'), 'Maria', 'SYSADMIN');

insert into PERSON (ID, USER_ID, ADMINISTRATOR_ID, FULL_NAME, CHANGE_DATE, PREF_NAME, CHANGE_USER) values (10, 'JBLAKE', 5, 'Blake, Jennifer', to_date('2014-09-24 15:24:56', 'yyyy-mm-dd HH24:MI:SS'), 'Payroll Queen', 'SYSADMIN');

insert into PERSON (ID, USER_ID, ADMINISTRATOR_ID, FULL_NAME, CHANGE_DATE, PREF_NAME, CHANGE_USER) values (11, 'YCHEN', 4, 'Chen, Yung Li', to_date('2014-09-24 15:25:41', 'yyyy-mm-dd HH24:MI:SS'), 'Li', 'SYSADMIN');

insert into PERSON (ID, USER_ID, ADMINISTRATOR_ID, FULL_NAME, CHANGE_DATE, PREF_NAME, CHANGE_USER) values (12, 'MSMITH', 5, 'Smith, Melinda L', to_date('2014-09-24 15:26:37', 'yyyy-mm-dd HH24:MI:SS'), 'Mindy', 'SYSADMIN');

insert into PERSON (ID, USER_ID, ADMINISTRATOR_ID, FULL_NAME, CHANGE_DATE, PREF_NAME, CHANGE_USER) values (13, 'KSHOTTS', 5, 'Shotts, Kerri A', to_date('2014-09-24 15:27:07', 'yyyy-mm-dd HH24:MI:SS'), 'Kerri', 'SYSADMIN');

insert into TASK (ID, TITLE, DESCRIPTION, PCT_COMPLETE, STATUS, OWNER, ASSIGNED_TO, CHANGE_DATE, CHANGE_USER) values (2, 'Push new version of website', 'Shouldn''t take too long. Let me know if you have problems', 0, 'I', 2, 3, to_date('2014-07-24 01:24:30', 'yyyy-mm-dd HH24:MI:SS'), 'JDOE');








-- settings
insert into SETTINGS (ID, VALUE) values ('DEFAULT_PWD_HASH_ITER', '16384');

insert into SETTINGS (ID, VALUE) values ('TOKEN_HASH_ITER', '256');

insert into SETTINGS (ID, VALUE) values ('TOKEN_PART_LENGTH', '128');

insert into SETTINGS (ID, VALUE) values ('PWD_SALT_LENGTH', '48');

insert into SETTINGS (ID, VALUE) values ('PWD_HASH_LENGTH', '128');

insert into SETTINGS (ID, VALUE) values ('MAX_FAILED_LOGINS', '10');

insert into SETTINGS (ID, VALUE) values ('TOKEN_EXPIRY', '7');

